time_s,direction,role,mean_rate,change_from_rest
0.0000,L,input (LPLC2+LC4),0.0201487,0
0.0167,L,input (LPLC2+LC4),0.0201487,-1.28842e-12
0.0333,L,input (LPLC2+LC4),0.0201487,-2.39062e-12
0.0500,L,input (LPLC2+LC4),0.0201487,-3.33349e-12
0.0667,L,input (LPLC2+LC4),0.0201487,-4.1401e-12
0.0833,L,input (LPLC2+LC4),0.0201487,-4.83012e-12
0.1000,L,input (LPLC2+LC4),0.031338,0.0111893
0.1167,L,input (LPLC2+LC4),0.0375751,0.0174264
0.1333,L,input (LPLC2+LC4),0.0411147,0.020966
0.1500,L,input (LPLC2+LC4),0.0432449,0.0230962
0.1667,L,input (LPLC2+LC4),0.0446686,0.0245199
0.1833,L,input (LPLC2+LC4),0.0457566,0.0256079
0.2000,L,input (LPLC2+LC4),0.0466999,0.0265512
0.2167,L,input (LPLC2+LC4),0.0475963,0.0274476
0.2333,L,input (LPLC2+LC4),0.0484964,0.0283477
0.2500,L,input (LPLC2+LC4),0.0494278,0.0292791
0.2667,L,input (LPLC2+LC4),0.0504071,0.0302584
0.2833,L,input (LPLC2+LC4),0.051446,0.0312973
0.3000,L,input (LPLC2+LC4),0.0525541,0.0324053
0.3167,L,input (LPLC2+LC4),0.0537407,0.0335919
0.3333,L,input (LPLC2+LC4),0.0550156,0.0348669
0.3500,L,input (LPLC2+LC4),0.0563896,0.0362409
0.3667,L,input (LPLC2+LC4),0.0578751,0.0377263
0.3833,L,input (LPLC2+LC4),0.0594861,0.0393373
0.4000,L,input (LPLC2+LC4),0.0612392,0.0410905
0.4167,L,input (LPLC2+LC4),0.063154,0.0430053
0.4333,L,input (LPLC2+LC4),0.0652537,0.045105
0.4500,L,input (LPLC2+LC4),0.0675662,0.0474175
0.4667,L,input (LPLC2+LC4),0.070125,0.0499763
0.4833,L,input (LPLC2+LC4),0.0729711,0.0528224
0.5000,L,input (LPLC2+LC4),0.0761551,0.0560064
0.5167,L,input (LPLC2+LC4),0.0797399,0.0595911
0.5333,L,input (LPLC2+LC4),0.0838046,0.0636559
0.5500,L,input (LPLC2+LC4),0.0884505,0.0683018
0.5667,L,input (LPLC2+LC4),0.0938088,0.0736601
0.5833,L,input (LPLC2+LC4),0.100052,0.0799036
0.6000,L,input (LPLC2+LC4),0.107413,0.0872643
0.6167,L,input (LPLC2+LC4),0.116209,0.0960605
0.6333,L,input (LPLC2+LC4),0.126888,0.106739
0.6500,L,input (LPLC2+LC4),0.140093,0.119944
0.6667,L,input (LPLC2+LC4),0.156786,0.136637
0.6833,L,input (LPLC2+LC4),0.178444,0.158296
0.7000,L,input (LPLC2+LC4),0.207438,0.187289
0.7167,L,input (LPLC2+LC4),0.247714,0.227565
0.7333,L,input (LPLC2+LC4),0.306077,0.285929
0.7500,L,input (LPLC2+LC4),0.382481,0.362332
0.7667,L,input (LPLC2+LC4),0.439451,0.419303
0.7833,L,input (LPLC2+LC4),0.467836,0.447688
0.8000,L,input (LPLC2+LC4),0.24125,0.221101
0.8167,L,input (LPLC2+LC4),0.127375,0.107226
0.8333,L,input (LPLC2+LC4),0.0714437,0.051295
0.8500,L,input (LPLC2+LC4),0.0445563,0.0244075
0.8667,L,input (LPLC2+LC4),0.031816,0.0116673
0.8833,L,input (LPLC2+LC4),0.025798,0.00564923
0.9000,L,input (LPLC2+LC4),0.0229357,0.00278698
0.9167,L,input (LPLC2+LC4),0.0215531,0.00140433
0.9333,L,input (LPLC2+LC4),0.0208704,0.000721721
0.9500,L,input (LPLC2+LC4),0.0205255,0.000376811
0.9667,L,input (LPLC2+LC4),0.020348,0.000199249
0.9833,L,input (LPLC2+LC4),0.0202552,0.00010644
1.0000,L,input (LPLC2+LC4),0.0202061,5.73396e-05
1.0167,L,input (LPLC2+LC4),0.0201798,3.11257e-05
1.0333,L,input (LPLC2+LC4),0.0201658,1.70271e-05
1.0500,L,input (LPLC2+LC4),0.0201581,9.3909e-06
1.0667,L,input (LPLC2+LC4),0.0201539,5.2227e-06
1.0833,L,input (LPLC2+LC4),0.0201517,2.92728e-06
1.1000,L,input (LPLC2+LC4),0.0201504,1.651e-06
1.1167,L,input (LPLC2+LC4),0.0201497,9.34658e-07
1.1333,L,input (LPLC2+LC4),0.0201493,5.2934e-07
1.1500,L,input (LPLC2+LC4),0.020149,2.98704e-07
1.1667,L,input (LPLC2+LC4),0.0201489,1.67133e-07
1.1833,L,input (LPLC2+LC4),0.0201488,9.21439e-08
0.0000,F,input (LPLC2+LC4),0.0201487,0
0.0167,F,input (LPLC2+LC4),0.0201487,-1.28842e-12
0.0333,F,input (LPLC2+LC4),0.0201487,-2.39062e-12
0.0500,F,input (LPLC2+LC4),0.0201487,-3.33349e-12
0.0667,F,input (LPLC2+LC4),0.0201487,-4.1401e-12
0.0833,F,input (LPLC2+LC4),0.0201487,-4.83012e-12
0.1000,F,input (LPLC2+LC4),0.0408617,0.020713
0.1167,F,input (LPLC2+LC4),0.0518025,0.0316538
0.1333,F,input (LPLC2+LC4),0.0576655,0.0375168
0.1500,F,input (LPLC2+LC4),0.0610317,0.040883
0.1667,F,input (LPLC2+LC4),0.0632378,0.0430891
0.1833,F,input (LPLC2+LC4),0.0649451,0.0447964
0.2000,F,input (LPLC2+LC4),0.0664696,0.0463209
0.2167,F,input (LPLC2+LC4),0.0679595,0.0478108
0.2333,F,input (LPLC2+LC4),0.0694853,0.0493366
0.2500,F,input (LPLC2+LC4),0.0710829,0.0509342
0.2667,F,input (LPLC2+LC4),0.0727737,0.052625
0.2833,F,input (LPLC2+LC4),0.0745736,0.0544249
0.3000,F,input (LPLC2+LC4),0.0764969,0.0563482
0.3167,F,input (LPLC2+LC4),0.0785585,0.0584098
0.3333,F,input (LPLC2+LC4),0.0807747,0.0606259
0.3500,F,input (LPLC2+LC4),0.0831637,0.0630149
0.3667,F,input (LPLC2+LC4),0.0857467,0.0655979
0.3833,F,input (LPLC2+LC4),0.0885482,0.0683995
0.4000,F,input (LPLC2+LC4),0.091597,0.0714483
0.4167,F,input (LPLC2+LC4),0.094927,0.0747783
0.4333,F,input (LPLC2+LC4),0.0985786,0.0784298
0.4500,F,input (LPLC2+LC4),0.1026,0.0824513
0.4667,F,input (LPLC2+LC4),0.10705,0.0869011
0.4833,F,input (LPLC2+LC4),0.111999,0.0918505
0.5000,F,input (LPLC2+LC4),0.117536,0.0973874
0.5167,F,input (LPLC2+LC4),0.12377,0.103621
0.5333,F,input (LPLC2+LC4),0.130838,0.110689
0.5500,F,input (LPLC2+LC4),0.138917,0.118768
0.5667,F,input (LPLC2+LC4),0.148234,0.128085
0.5833,F,input (LPLC2+LC4),0.15909,0.138941
0.6000,F,input (LPLC2+LC4),0.171888,0.15174
0.6167,F,input (LPLC2+LC4),0.187182,0.167033
0.6333,F,input (LPLC2+LC4),0.205746,0.185598
0.6500,F,input (LPLC2+LC4),0.228702,0.208553
0.6667,F,input (LPLC2+LC4),0.257715,0.237566
0.6833,F,input (LPLC2+LC4),0.295353,0.275205
0.7000,F,input (LPLC2+LC4),0.345729,0.32558
0.7167,F,input (LPLC2+LC4),0.415696,0.395547
0.7333,F,input (LPLC2+LC4),0.517064,0.496915
0.7500,F,input (LPLC2+LC4),0.650032,0.629884
0.7667,F,input (LPLC2+LC4),0.748656,0.728507
0.7833,F,input (LPLC2+LC4),0.794976,0.774827
0.8000,F,input (LPLC2+LC4),0.382402,0.362253
0.8167,F,input (LPLC2+LC4),0.184226,0.164077
0.8333,F,input (LPLC2+LC4),0.09243,0.0722813
0.8500,F,input (LPLC2+LC4),0.051272,0.0311233
0.8667,F,input (LPLC2+LC4),0.033404,0.0132552
0.8833,F,input (LPLC2+LC4),0.0258114,0.00566269
0.9000,F,input (LPLC2+LC4),0.022615,0.00246624
0.9167,F,input (LPLC2+LC4),0.0212611,0.00111234
0.9333,F,input (LPLC2+LC4),0.0206739,0.000525186
0.9500,F,input (LPLC2+LC4),0.0204089,0.000260132
0.9667,F,input (LPLC2+LC4),0.020283,0.000134245
0.9833,F,input (LPLC2+LC4),0.0202201,7.13848e-05
1.0000,F,input (LPLC2+LC4),0.0201875,3.87345e-05
1.0167,F,input (LPLC2+LC4),0.0201701,2.13296e-05
1.0333,F,input (LPLC2+LC4),0.0201606,1.19024e-05
1.0500,F,input (LPLC2+LC4),0.0201555,6.73554e-06
1.0667,F,input (LPLC2+LC4),0.0201526,3.86773e-06
1.0833,F,input (LPLC2+LC4),0.020151,2.25073e-06
1.1000,F,input (LPLC2+LC4),0.02015,1.32227e-06
1.1167,F,input (LPLC2+LC4),0.0201495,7.79634e-07
1.1333,F,input (LPLC2+LC4),0.0201492,4.58088e-07
1.1500,F,input (LPLC2+LC4),0.020149,2.66134e-07
1.1667,F,input (LPLC2+LC4),0.0201489,1.51519e-07
1.1833,F,input (LPLC2+LC4),0.0201488,8.35362e-08
0.0000,R,input (LPLC2+LC4),0.0201487,0
0.0167,R,input (LPLC2+LC4),0.0201487,-1.28842e-12
0.0333,R,input (LPLC2+LC4),0.0201487,-2.39062e-12
0.0500,R,input (LPLC2+LC4),0.0201487,-3.33349e-12
0.0667,R,input (LPLC2+LC4),0.0201487,-4.1401e-12
0.0833,R,input (LPLC2+LC4),0.0201487,-4.83012e-12
0.1000,R,input (LPLC2+LC4),0.0304837,0.0103349
0.1167,R,input (LPLC2+LC4),0.0356159,0.0154671
0.1333,R,input (LPLC2+LC4),0.0381692,0.0180204
0.1500,R,input (LPLC2+LC4),0.0395379,0.0193892
0.1667,R,input (LPLC2+LC4),0.0404081,0.0202593
0.1833,R,input (LPLC2+LC4),0.0410958,0.020947
0.2000,R,input (LPLC2+LC4),0.041738,0.0215892
0.2167,R,input (LPLC2+LC4),0.0423911,0.0222424
0.2333,R,input (LPLC2+LC4),0.0430779,0.0229292
0.2500,R,input (LPLC2+LC4),0.0438081,0.0236594
0.2667,R,input (LPLC2+LC4),0.0445872,0.0244385
0.2833,R,input (LPLC2+LC4),0.0454201,0.0252714
0.3000,R,input (LPLC2+LC4),0.0463121,0.0261633
0.3167,R,input (LPLC2+LC4),0.0472692,0.0271204
0.3333,R,input (LPLC2+LC4),0.0482985,0.0281498
0.3500,R,input (LPLC2+LC4),0.0494085,0.0292598
0.3667,R,input (LPLC2+LC4),0.0506088,0.03046
0.3833,R,input (LPLC2+LC4),0.0519107,0.0317619
0.4000,R,input (LPLC2+LC4),0.0533275,0.0331788
0.4167,R,input (LPLC2+LC4),0.0548751,0.0347264
0.4333,R,input (LPLC2+LC4),0.0565721,0.0364234
0.4500,R,input (LPLC2+LC4),0.058441,0.0382923
0.4667,R,input (LPLC2+LC4),0.0605091,0.0403604
0.4833,R,input (LPLC2+LC4),0.0628095,0.0426608
0.5000,R,input (LPLC2+LC4),0.0653831,0.0452344
0.5167,R,input (LPLC2+LC4),0.0682807,0.048132
0.5333,R,input (LPLC2+LC4),0.0715662,0.0514174
0.5500,R,input (LPLC2+LC4),0.0753212,0.0551725
0.5667,R,input (LPLC2+LC4),0.0796518,0.059503
0.5833,R,input (LPLC2+LC4),0.0846973,0.0645486
0.6000,R,input (LPLC2+LC4),0.090645,0.0704963
0.6167,R,input (LPLC2+LC4),0.0977516,0.0776029
0.6333,R,input (LPLC2+LC4),0.106377,0.0862287
0.6500,R,input (LPLC2+LC4),0.117042,0.0968934
0.6667,R,input (LPLC2+LC4),0.130519,0.11037
0.6833,R,input (LPLC2+LC4),0.147998,0.12785
0.7000,R,input (LPLC2+LC4),0.171387,0.151238
0.7167,R,input (LPLC2+LC4),0.203862,0.183713
0.7333,R,input (LPLC2+LC4),0.250894,0.230745
0.7500,R,input (LPLC2+LC4),0.31275,0.292602
0.7667,R,input (LPLC2+LC4),0.358388,0.338239
0.7833,R,input (LPLC2+LC4),0.37832,0.358171
0.8000,R,input (LPLC2+LC4),0.177174,0.157026
0.8167,R,input (LPLC2+LC4),0.0848069,0.0646582
0.8333,R,input (LPLC2+LC4),0.0447792,0.0246305
0.8500,R,input (LPLC2+LC4),0.0285884,0.00843966
0.8667,R,input (LPLC2+LC4),0.0225668,0.00241805
0.8833,R,input (LPLC2+LC4),0.0205702,0.000421426
0.9000,R,input (LPLC2+LC4),0.0200336,-0.00011514
0.9167,R,input (LPLC2+LC4),0.0199633,-0.000185416
0.9333,R,input (LPLC2+LC4),0.0200086,-0.000140095
0.9500,R,input (LPLC2+LC4),0.0200619,-8.67935e-05
0.9667,R,input (LPLC2+LC4),0.0200995,-4.91815e-05
0.9833,R,input (LPLC2+LC4),0.0201221,-2.66408e-05
1.0000,R,input (LPLC2+LC4),0.0201346,-1.41087e-05
1.0167,R,input (LPLC2+LC4),0.0201413,-7.38513e-06
1.0333,R,input (LPLC2+LC4),0.0201449,-3.83139e-06
1.0500,R,input (LPLC2+LC4),0.0201468,-1.96417e-06
1.0667,R,input (LPLC2+LC4),0.0201477,-9.88687e-07
1.0833,R,input (LPLC2+LC4),0.0201482,-4.85026e-07
1.1000,R,input (LPLC2+LC4),0.0201485,-2.30458e-07
1.1167,R,input (LPLC2+LC4),0.0201486,-1.05893e-07
1.1333,R,input (LPLC2+LC4),0.0201487,-4.75913e-08
1.1500,R,input (LPLC2+LC4),0.0201487,-2.18425e-08
1.1667,R,input (LPLC2+LC4),0.0201487,-1.12838e-08
1.1833,R,input (LPLC2+LC4),0.0201487,-7.33138e-09
0.0000,L,hidden,0.0213234,0
0.0167,L,hidden,0.0213234,2.07228e-11
0.0333,L,hidden,0.0213234,3.84505e-11
0.0500,L,hidden,0.0213234,5.36157e-11
0.0667,L,hidden,0.0213234,6.65891e-11
0.0833,L,hidden,0.0213234,7.76872e-11
0.1000,L,hidden,0.0214474,0.000124091
0.1167,L,hidden,0.0217751,0.000451766
0.1333,L,hidden,0.0221447,0.000821382
0.1500,L,hidden,0.0224724,0.00114904
0.1667,L,hidden,0.0227287,0.00140533
0.1833,L,hidden,0.0229166,0.00159324
0.2000,L,hidden,0.0230526,0.00172922
0.2167,L,hidden,0.0231545,0.00183109
0.2333,L,hidden,0.0232366,0.00191323
0.2500,L,hidden,0.023309,0.00198563
0.2667,L,hidden,0.023378,0.00205468
0.2833,L,hidden,0.0234475,0.00212417
0.3000,L,hidden,0.0235196,0.00219625
0.3167,L,hidden,0.0235957,0.00227232
0.3333,L,hidden,0.0236768,0.00235341
0.3500,L,hidden,0.0237636,0.00244024
0.3667,L,hidden,0.023857,0.00253368
0.3833,L,hidden,0.0239579,0.00263456
0.4000,L,hidden,0.0240671,0.00274375
0.4167,L,hidden,0.0241858,0.00286239
0.4333,L,hidden,0.0243153,0.00299195
0.4500,L,hidden,0.0244573,0.00313396
0.4667,L,hidden,0.0246136,0.00329021
0.4833,L,hidden,0.0247862,0.00346283
0.5000,L,hidden,0.0249779,0.00365456
0.5167,L,hidden,0.0251919,0.00386859
0.5333,L,hidden,0.0254322,0.00410883
0.5500,L,hidden,0.0257037,0.00438031
0.5667,L,hidden,0.026013,0.00468963
0.5833,L,hidden,0.0263686,0.00504524
0.6000,L,hidden,0.0267814,0.00545807
0.6167,L,hidden,0.0272664,0.00594303
0.6333,L,hidden,0.0278439,0.00652053
0.6500,L,hidden,0.0285424,0.00721901
0.6667,L,hidden,0.0294023,0.0080789
0.6833,L,hidden,0.0304846,0.00916128
0.7000,L,hidden,0.0318852,0.0105619
0.7167,L,hidden,0.0337581,0.0124347
0.7333,L,hidden,0.0363615,0.0150382
0.7500,L,hidden,0.0399633,0.0186399
0.7667,L,hidden,0.0442058,0.0228824
0.7833,L,hidden,0.0481616,0.0268383
0.8000,L,hidden,0.0481946,0.0268712
0.8167,L,hidden,0.0426684,0.021345
0.8333,L,hidden,0.036087,0.0147637
0.8500,L,hidden,0.0305883,0.00926492
0.8667,L,hidden,0.0267212,0.00539788
0.8833,L,hidden,0.0242885,0.00296518
0.9000,L,hidden,0.0228778,0.00155444
0.9167,L,hidden,0.0221058,0.000782412
0.9333,L,hidden,0.0217033,0.000379896
0.9500,L,hidden,0.0215025,0.000179155
0.9667,L,hidden,0.0214062,8.28696e-05
0.9833,L,hidden,0.0213614,3.80327e-05
1.0000,L,hidden,0.021341,1.75997e-05
1.0167,L,hidden,0.0213317,8.38564e-06
1.0333,L,hidden,0.0213276,4.20197e-06
1.0500,L,hidden,0.0213256,2.25394e-06
1.0667,L,hidden,0.0213247,1.30863e-06
1.0833,L,hidden,0.0213242,8.26034e-07
1.1000,L,hidden,0.0213239,5.65052e-07
1.1167,L,hidden,0.0213238,4.14488e-07
1.1333,L,hidden,0.0213237,3.21043e-07
1.1500,L,hidden,0.0213236,2.58292e-07
1.1667,L,hidden,0.0213236,2.12871e-07
1.1833,L,hidden,0.0213235,1.77944e-07
0.0000,F,hidden,0.0213234,0
0.0167,F,hidden,0.0213234,2.07228e-11
0.0333,F,hidden,0.0213234,3.84505e-11
0.0500,F,hidden,0.0213234,5.36157e-11
0.0667,F,hidden,0.0213234,6.65891e-11
0.0833,F,hidden,0.0213234,7.76872e-11
0.1000,F,hidden,0.021564,0.000240603
0.1167,F,hidden,0.0221717,0.000848382
0.1333,F,hidden,0.0228355,0.00151212
0.1500,F,hidden,0.0234071,0.00208376
0.1667,F,hidden,0.0238423,0.00251896
0.1833,F,hidden,0.0241534,0.00283009
0.2000,F,hidden,0.0243744,0.00305103
0.2167,F,hidden,0.0245388,0.00321549
0.2333,F,hidden,0.0246726,0.0033492
0.2500,F,hidden,0.0247926,0.0034692
0.2667,F,hidden,0.0249092,0.00358584
0.2833,F,hidden,0.0250284,0.00370501
0.3000,F,hidden,0.0251534,0.00383006
0.3167,F,hidden,0.0252864,0.00396306
0.3333,F,hidden,0.0254288,0.00410548
0.3500,F,hidden,0.0255818,0.0042584
0.3667,F,hidden,0.0257464,0.00442305
0.3833,F,hidden,0.0259243,0.00460097
0.4000,F,hidden,0.0261173,0.00479389
0.4167,F,hidden,0.0263272,0.00500387
0.4333,F,hidden,0.0265563,0.00523298
0.4500,F,hidden,0.0268073,0.00548394
0.4667,F,hidden,0.0270832,0.00575981
0.4833,F,hidden,0.0273881,0.0060647
0.5000,F,hidden,0.0277269,0.00640354
0.5167,F,hidden,0.0281056,0.00678219
0.5333,F,hidden,0.0285311,0.0072077
0.5500,F,hidden,0.0290124,0.00768899
0.5667,F,hidden,0.0295612,0.00823784
0.5833,F,hidden,0.0301932,0.00886988
0.6000,F,hidden,0.0309285,0.00960512
0.6167,F,hidden,0.0317933,0.0104699
0.6333,F,hidden,0.0328241,0.0115007
0.6500,F,hidden,0.0340722,0.0127489
0.6667,F,hidden,0.0356114,0.014288
0.6833,F,hidden,0.0375524,0.0162291
0.7000,F,hidden,0.0400682,0.0187448
0.7167,F,hidden,0.0434376,0.0221143
0.7333,F,hidden,0.0481255,0.0268022
0.7500,F,hidden,0.0545955,0.0332722
0.7667,F,hidden,0.0621542,0.0408309
0.7833,F,hidden,0.0690878,0.0477645
0.8000,F,hidden,0.0685527,0.0472293
0.8167,F,hidden,0.0580304,0.0367071
0.8333,F,hidden,0.0460909,0.0247675
0.8500,F,hidden,0.0364127,0.0150894
0.8667,F,hidden,0.0297766,0.00845328
0.8833,F,hidden,0.0257391,0.00441573
0.9000,F,hidden,0.0234892,0.00216581
0.9167,F,hidden,0.0223232,0.00099985
0.9333,F,hidden,0.0217583,0.000434908
0.9500,F,hidden,0.021502,0.000178614
0.9667,F,hidden,0.0213931,6.97913e-05
0.9833,F,hidden,0.0213499,2.65362e-05
1.0000,F,hidden,0.0213338,1.03961e-05
1.0167,F,hidden,0.021328,4.6486e-06
1.0333,F,hidden,0.0213259,2.57321e-06
1.0500,F,hidden,0.0213251,1.71553e-06
1.0667,F,hidden,0.0213246,1.26633e-06
1.0833,F,hidden,0.0213243,9.80234e-07
1.1000,F,hidden,0.0213241,7.81496e-07
1.1167,F,hidden,0.021324,6.38908e-07
1.1333,F,hidden,0.0213239,5.33414e-07
1.1500,F,hidden,0.0213238,4.51903e-07
1.1667,F,hidden,0.0213237,3.85943e-07
1.1833,F,hidden,0.0213237,3.30642e-07
0.0000,R,hidden,0.0213234,0
0.0167,R,hidden,0.0213234,2.07228e-11
0.0333,R,hidden,0.0213234,3.84505e-11
0.0500,R,hidden,0.0213234,5.36157e-11
0.0667,R,hidden,0.0213234,6.65891e-11
0.0833,R,hidden,0.0213234,7.76872e-11
0.1000,R,hidden,0.0214493,0.000125928
0.1167,R,hidden,0.021753,0.000429635
0.1333,R,hidden,0.0220728,0.000749396
0.1500,R,hidden,0.0223389,0.00101554
0.1667,R,hidden,0.0225354,0.00121206
0.1833,R,hidden,0.022672,0.00134865
0.2000,R,hidden,0.0227669,0.00144356
0.2167,R,hidden,0.0228373,0.00151395
0.2333,R,hidden,0.0228954,0.00157205
0.2500,R,hidden,0.0229489,0.0016255
0.2667,R,hidden,0.023002,0.00167864
0.2833,R,hidden,0.0230572,0.00173383
0.3000,R,hidden,0.0231157,0.00179236
0.3167,R,hidden,0.0231784,0.001855
0.3333,R,hidden,0.0232456,0.00192222
0.3500,R,hidden,0.0233179,0.0019945
0.3667,R,hidden,0.0233959,0.00207255
0.3833,R,hidden,0.0234804,0.002157
0.4000,R,hidden,0.023572,0.00224866
0.4167,R,hidden,0.0236718,0.00234846
0.4333,R,hidden,0.0237807,0.0024573
0.4500,R,hidden,0.0238998,0.00257642
0.4667,R,hidden,0.0240309,0.00270753
0.4833,R,hidden,0.0241759,0.00285258
0.5000,R,hidden,0.0243372,0.00301385
0.5167,R,hidden,0.0245177,0.00319433
0.5333,R,hidden,0.0247207,0.00339739
0.5500,R,hidden,0.0249507,0.00362733
0.5667,R,hidden,0.0252133,0.00388991
0.5833,R,hidden,0.0255162,0.00419283
0.6000,R,hidden,0.0258696,0.00454621
0.6167,R,hidden,0.0262861,0.00496276
0.6333,R,hidden,0.0267832,0.00545989
0.6500,R,hidden,0.0273867,0.00606334
0.6667,R,hidden,0.0281337,0.00681032
0.6833,R,hidden,0.029079,0.00775566
0.7000,R,hidden,0.0303084,0.00898507
0.7167,R,hidden,0.0319622,0.0106389
0.7333,R,hidden,0.0342733,0.01295
0.7500,R,hidden,0.0374782,0.0161548
0.7667,R,hidden,0.0412157,0.0198923
0.7833,R,hidden,0.0445993,0.023276
0.8000,R,hidden,0.0441003,0.0227769
0.8167,R,hidden,0.0385859,0.0172625
0.8333,R,hidden,0.0325696,0.0112462
0.8500,R,hidden,0.0278735,0.00655013
0.8667,R,hidden,0.024795,0.0034716
0.8833,R,hidden,0.0230162,0.00169287
0.9000,R,hidden,0.0220789,0.000755495
0.9167,R,hidden,0.0216261,0.000302714
0.9333,R,hidden,0.0214268,0.000103474
0.9500,R,hidden,0.0213491,2.56923e-05
0.9667,R,hidden,0.0213237,2.97322e-07
0.9833,R,hidden,0.0213182,-5.14429e-06
1.0000,R,hidden,0.0213189,-4.42337e-06
1.0167,R,hidden,0.0213207,-2.63151e-06
1.0333,R,hidden,0.0213221,-1.23574e-06
1.0500,R,hidden,0.0213229,-4.11595e-07
1.0667,R,hidden,0.0213234,3.02996e-09
1.0833,R,hidden,0.0213235,1.84301e-07
1.1000,R,hidden,0.0213236,2.48874e-07
1.1167,R,hidden,0.0213236,2.60002e-07
1.1333,R,hidden,0.0213236,2.48179e-07
1.1500,R,hidden,0.0213236,2.27175e-07
1.1667,R,hidden,0.0213236,2.03142e-07
1.1833,R,hidden,0.0213235,1.7896e-07
0.0000,L,descending,0.0239886,0
0.0167,L,descending,0.0239886,6.1586e-09
0.0333,L,descending,0.0239886,1.1427e-08
0.0500,L,descending,0.0239886,1.5934e-08
0.0667,L,descending,0.0239886,1.97895e-08
0.0833,L,descending,0.0239886,2.30877e-08
0.1000,L,descending,0.0241528,0.000164231
0.1167,L,descending,0.0245506,0.000561943
0.1333,L,descending,0.0249722,0.000983596
0.1500,L,descending,0.025335,0.00134634
0.1667,L,descending,0.0256177,0.00162911
0.1833,L,descending,0.0258277,0.00183909
0.2000,L,descending,0.0259824,0.00199378
0.2167,L,descending,0.0261003,0.00211169
0.2333,L,descending,0.0261968,0.00220821
0.2500,L,descending,0.0262831,0.00229446
0.2667,L,descending,0.0263663,0.00237771
0.2833,L,descending,0.0264509,0.00246229
0.3000,L,descending,0.0265393,0.00255073
0.3167,L,descending,0.0266333,0.00264464
0.3333,L,descending,0.0267337,0.00274513
0.3500,L,descending,0.0268417,0.00285311
0.3667,L,descending,0.0269582,0.00296961
0.3833,L,descending,0.0270844,0.00309577
0.4000,L,descending,0.0272214,0.00323283
0.4167,L,descending,0.0273709,0.0033823
0.4333,L,descending,0.0275347,0.00354605
0.4500,L,descending,0.0277148,0.00372622
0.4667,L,descending,0.0279139,0.00392526
0.4833,L,descending,0.0281348,0.00414622
0.5000,L,descending,0.0283816,0.00439296
0.5167,L,descending,0.0286587,0.00467012
0.5333,L,descending,0.0289721,0.0049835
0.5500,L,descending,0.0293292,0.00534057
0.5667,L,descending,0.0297396,0.00575094
0.5833,L,descending,0.0302163,0.00622771
0.6000,L,descending,0.0307784,0.0067898
0.6167,L,descending,0.0314479,0.00745929
0.6333,L,descending,0.0322548,0.00826617
0.6500,L,descending,0.0332431,0.00925447
0.6667,L,descending,0.0344777,0.0104891
0.6833,L,descending,0.0360569,0.0120683
0.7000,L,descending,0.0381379,0.0141493
0.7167,L,descending,0.0409769,0.0169883
0.7333,L,descending,0.0449993,0.0210107
0.7500,L,descending,0.050578,0.0265894
0.7667,L,descending,0.0568604,0.0328718
0.7833,L,descending,0.0622689,0.0382803
0.8000,L,descending,0.0612136,0.037225
0.8167,L,descending,0.0523912,0.0284026
0.8333,L,descending,0.0430754,0.0190868
0.8500,L,descending,0.0358354,0.0118468
0.8667,L,descending,0.0309593,0.00697068
0.8833,L,descending,0.0279687,0.00398004
0.9000,L,descending,0.0262467,0.00225809
0.9167,L,descending,0.0252979,0.00130933
0.9333,L,descending,0.0247918,0.00080322
0.9500,L,descending,0.0245262,0.000537621
0.9667,L,descending,0.0243848,0.00039621
0.9833,L,descending,0.0243044,0.000315811
1.0000,L,descending,0.0242529,0.000264309
1.0167,L,descending,0.0242151,0.000226529
1.0333,L,descending,0.0241844,0.000195803
1.0500,L,descending,0.024158,0.00016942
1.0667,L,descending,0.0241349,0.000146329
1.0833,L,descending,0.0241147,0.000126088
1.1000,L,descending,0.024097,0.000108422
1.1167,L,descending,0.0240817,9.30861e-05
1.1333,L,descending,0.0240685,7.9832e-05
1.1500,L,descending,0.024057,6.84144e-05
1.1667,L,descending,0.0240472,5.86005e-05
1.1833,L,descending,0.0240388,5.01777e-05
0.0000,F,descending,0.0239886,0
0.0167,F,descending,0.0239886,6.1586e-09
0.0333,F,descending,0.0239886,1.1427e-08
0.0500,F,descending,0.0239886,1.5934e-08
0.0667,F,descending,0.0239886,1.97895e-08
0.0833,F,descending,0.0239886,2.30877e-08
0.1000,F,descending,0.0242947,0.000306033
0.1167,F,descending,0.0250233,0.00103463
0.1333,F,descending,0.02578,0.00179142
0.1500,F,descending,0.0264171,0.00242848
0.1667,F,descending,0.026903,0.0029144
0.1833,F,descending,0.0272564,0.00326781
0.2000,F,descending,0.0275127,0.00352405
0.2167,F,descending,0.0277068,0.00371815
0.2333,F,descending,0.0278665,0.00387787
0.2500,F,descending,0.0280111,0.00402248
0.2667,F,descending,0.0281527,0.0041641
0.2833,F,descending,0.0282984,0.00430975
0.3000,F,descending,0.028452,0.00446336
0.3167,F,descending,0.0286158,0.00462721
0.3333,F,descending,0.0287914,0.00480283
0.3500,F,descending,0.0289803,0.00499166
0.3667,F,descending,0.029184,0.00519535
0.3833,F,descending,0.0294044,0.00541577
0.4000,F,descending,0.0296437,0.00565507
0.4167,F,descending,0.0299044,0.00591581
0.4333,F,descending,0.0301897,0.00620109
0.4500,F,descending,0.0305034,0.0065148
0.4667,F,descending,0.0308502,0.00686156
0.4833,F,descending,0.0312351,0.00724645
0.5000,F,descending,0.0316647,0.00767604
0.5167,F,descending,0.0321472,0.00815854
0.5333,F,descending,0.032693,0.00870439
0.5500,F,descending,0.0333155,0.00932685
0.5667,F,descending,0.0340325,0.0100439
0.5833,F,descending,0.0348681,0.0108795
0.6000,F,descending,0.0358512,0.0118626
0.6167,F,descending,0.0370194,0.0130308
0.6333,F,descending,0.0384272,0.0144386
0.6500,F,descending,0.0401527,0.0161641
0.6667,F,descending,0.0423107,0.018322
0.6833,F,descending,0.0450749,0.0210863
0.7000,F,descending,0.0487182,0.0247296
0.7167,F,descending,0.0536972,0.0297086
0.7333,F,descending,0.0607807,0.0367921
0.7500,F,descending,0.0706017,0.0466131
0.7667,F,descending,0.0815539,0.0575653
0.7833,F,descending,0.0908049,0.0668162
0.8000,F,descending,0.0882452,0.0642566
0.8167,F,descending,0.0720414,0.0480528
0.8333,F,descending,0.0556239,0.0316353
0.8500,F,descending,0.043194,0.0192054
0.8667,F,descending,0.0350317,0.0110431
0.8833,F,descending,0.0301412,0.00615261
0.9000,F,descending,0.027405,0.00341639
0.9167,F,descending,0.0259585,0.00196984
0.9333,F,descending,0.0252264,0.00123777
0.9500,F,descending,0.0248624,0.000873801
0.9667,F,descending,0.0246746,0.000685981
0.9833,F,descending,0.0245651,0.000576484
1.0000,F,descending,0.0244884,0.000499821
1.0167,F,descending,0.0244257,0.000437111
1.0333,F,descending,0.0243703,0.000381662
1.0500,F,descending,0.0243203,0.000331661
1.0667,F,descending,0.0242755,0.000286837
1.0833,F,descending,0.0242358,0.000247148
1.1000,F,descending,0.024201,0.000212405
1.1167,F,descending,0.0241709,0.000182245
1.1333,F,descending,0.0241448,0.000156209
1.1500,F,descending,0.0241224,0.000133809
1.1667,F,descending,0.0241032,0.000114576
1.1833,F,descending,0.0240867,9.80836e-05
0.0000,R,descending,0.0239886,0
0.0167,R,descending,0.0239886,6.1586e-09
0.0333,R,descending,0.0239886,1.1427e-08
0.0500,R,descending,0.0239886,1.5934e-08
0.0667,R,descending,0.0239886,1.97895e-08
0.0833,R,descending,0.0239886,2.30877e-08
0.1000,R,descending,0.0241424,0.000153812
0.1167,R,descending,0.0245023,0.00051367
0.1333,R,descending,0.0248683,0.000879726
0.1500,R,descending,0.0251696,0.00118103
0.1667,R,descending,0.0253946,0.00140595
0.1833,R,descending,0.0255549,0.00156629
0.2000,R,descending,0.0256694,0.00168082
0.2167,R,descending,0.0257559,0.00176726
0.2333,R,descending,0.0258277,0.00183906
0.2500,R,descending,0.0258938,0.00190515
0.2667,R,descending,0.0259595,0.00197087
0.2833,R,descending,0.0260278,0.00203915
0.3000,R,descending,0.0261002,0.00211157
0.3167,R,descending,0.0261776,0.00218899
0.3333,R,descending,0.0262607,0.00227209
0.3500,R,descending,0.0263501,0.00236152
0.3667,R,descending,0.0264467,0.00245805
0.3833,R,descending,0.0265511,0.00256247
0.4000,R,descending,0.0266644,0.00267576
0.4167,R,descending,0.0267876,0.00279899
0.4333,R,descending,0.0269222,0.00293357
0.4500,R,descending,0.0270699,0.00308129
0.4667,R,descending,0.0272329,0.00324433
0.4833,R,descending,0.0274139,0.00342525
0.5000,R,descending,0.0276159,0.00362724
0.5167,R,descending,0.0278429,0.00385433
0.5333,R,descending,0.0281001,0.00411145
0.5500,R,descending,0.0283934,0.00440474
0.5667,R,descending,0.0287307,0.00474212
0.5833,R,descending,0.0291234,0.00513477
0.6000,R,descending,0.0295873,0.00559864
0.6167,R,descending,0.0301398,0.00615119
0.6333,R,descending,0.0308061,0.00681751
0.6500,R,descending,0.0316231,0.00763448
0.6667,R,descending,0.0326467,0.00865805
0.6833,R,descending,0.0339641,0.00997548
0.7000,R,descending,0.0357126,0.011724
0.7167,R,descending,0.0381057,0.0141171
0.7333,R,descending,0.0415104,0.0175217
0.7500,R,descending,0.0462501,0.0222614
0.7667,R,descending,0.0515481,0.0275595
0.7833,R,descending,0.0560132,0.0320246
0.8000,R,descending,0.0546838,0.0306952
0.8167,R,descending,0.0466811,0.0226925
0.8333,R,descending,0.0386064,0.0146178
0.8500,R,descending,0.0325866,0.00859797
0.8667,R,descending,0.0287547,0.00476607
0.8833,R,descending,0.0265708,0.00258214
0.9000,R,descending,0.0254144,0.00142581
0.9167,R,descending,0.0248347,0.000846131
0.9333,R,descending,0.0245556,0.000567025
0.9500,R,descending,0.0244214,0.000432742
0.9667,R,descending,0.0243509,0.000362275
0.9833,R,descending,0.0243058,0.000317149
1.0000,R,descending,0.0242697,0.000281081
1.0167,R,descending,0.024237,0.000248378
1.0333,R,descending,0.0242064,0.00021778
1.0500,R,descending,0.0241781,0.000189473
1.0667,R,descending,0.0241525,0.000163843
1.0833,R,descending,0.0241297,0.000141084
1.1000,R,descending,0.0241098,0.000121164
1.1167,R,descending,0.0240925,0.000103893
1.1333,R,descending,0.0240776,8.90037e-05
1.1500,R,descending,0.0240648,7.6211e-05
1.1667,R,descending,0.0240539,6.5239e-05
1.1833,R,descending,0.0240445,5.58376e-05
0.0000,L,motor,0.0205291,0
0.0167,L,motor,0.0205291,1.11753e-09
0.0333,L,motor,0.0205291,2.07353e-09
0.0500,L,motor,0.0205291,2.89135e-09
0.0667,L,motor,0.0205291,3.59096e-09
0.0833,L,motor,0.0205291,4.18945e-09
0.1000,L,motor,0.0205296,4.54393e-07
0.1167,L,motor,0.0205353,6.13873e-06
0.1333,L,motor,0.0205486,1.9429e-05
0.1500,L,motor,0.0205655,3.63239e-05
0.1667,L,motor,0.020581,5.18645e-05
0.1833,L,motor,0.0205926,6.35096e-05
0.2000,L,motor,0.0206002,7.11196e-05
0.2167,L,motor,0.0206049,7.57473e-05
0.2333,L,motor,0.0206078,7.86666e-05
0.2500,L,motor,0.02061,8.08969e-05
0.2667,L,motor,0.0206122,8.30938e-05
0.2833,L,motor,0.0206147,8.56079e-05
0.3000,L,motor,0.0206177,8.8589e-05
0.3167,L,motor,0.0206212,9.20788e-05
0.3333,L,motor,0.0206252,9.6077e-05
0.3500,L,motor,0.0206297,0.000100584
0.3667,L,motor,0.0206347,0.000105615
0.3833,L,motor,0.0206403,0.000111201
0.4000,L,motor,0.0206465,0.000117385
0.4167,L,motor,0.0206534,0.000124229
0.4333,L,motor,0.0206609,0.000131812
0.4500,L,motor,0.0206694,0.000140244
0.4667,L,motor,0.0206788,0.000149654
0.4833,L,motor,0.0206893,0.000160208
0.5000,L,motor,0.0207012,0.000172109
0.5167,L,motor,0.0207148,0.000185623
0.5333,L,motor,0.0207302,0.000201071
0.5500,L,motor,0.020748,0.000218847
0.5667,L,motor,0.0207686,0.000239449
0.5833,L,motor,0.0207927,0.000263529
0.6000,L,motor,0.020821,0.000291919
0.6167,L,motor,0.0208547,0.000325618
0.6333,L,motor,0.0208951,0.00036598
0.6500,L,motor,0.0209442,0.000415108
0.6667,L,motor,0.0210053,0.000476172
0.6833,L,motor,0.021083,0.000553886
0.7000,L,motor,0.0211844,0.000655298
0.7167,L,motor,0.0213205,0.000791393
0.7333,L,motor,0.0215094,0.000980305
0.7500,L,motor,0.0217802,0.00125107
0.7667,L,motor,0.0221454,0.00161623
0.7833,L,motor,0.0225497,0.00202053
0.8000,L,motor,0.022889,0.0023599
0.8167,L,motor,0.0228814,0.00235223
0.8333,L,motor,0.0225004,0.00197124
0.8500,L,motor,0.0219576,0.00142844
0.8667,L,motor,0.0214429,0.000913805
0.8833,L,motor,0.0210533,0.000524152
0.9000,L,motor,0.0208017,0.000272572
0.9167,L,motor,0.0206584,0.000129286
0.9333,L,motor,0.0205866,5.74709e-05
0.9500,L,motor,0.0205561,2.70074e-05
0.9667,L,motor,0.0205466,1.74941e-05
0.9833,L,motor,0.020546,1.69056e-05
1.0000,L,motor,0.0205481,1.9004e-05
1.0167,L,motor,0.0205501,2.09986e-05
1.0333,L,motor,0.0205511,2.1949e-05
1.0500,L,motor,0.0205509,2.17876e-05
1.0667,L,motor,0.0205499,2.07708e-05
1.0833,L,motor,0.0205483,1.92143e-05
1.1000,L,motor,0.0205465,1.73869e-05
1.1167,L,motor,0.0205446,1.54833e-05
1.1333,L,motor,0.0205428,1.36293e-05
1.1500,L,motor,0.020541,1.18977e-05
1.1667,L,motor,0.0205395,1.03244e-05
1.1833,L,motor,0.020538,8.92126e-06
0.0000,F,motor,0.0205291,0
0.0167,F,motor,0.0205291,1.11753e-09
0.0333,F,motor,0.0205291,2.07353e-09
0.0500,F,motor,0.0205291,2.89135e-09
0.0667,F,motor,0.0205291,3.59096e-09
0.0833,F,motor,0.0205291,4.18945e-09
0.1000,F,motor,0.0205301,9.4723e-07
0.1167,F,motor,0.0205416,1.24365e-05
0.1333,F,motor,0.0205666,3.74909e-05
0.1500,F,motor,0.020596,6.69016e-05
0.1667,F,motor,0.020621,9.18454e-05
0.1833,F,motor,0.0206381,0.000108956
0.2000,F,motor,0.0206482,0.000119049
0.2167,F,motor,0.0206537,0.000124551
0.2333,F,motor,0.020657,0.000127827
0.2500,F,motor,0.0206597,0.000130559
0.2667,F,motor,0.0206628,0.000133711
0.2833,F,motor,0.0206668,0.000137719
0.3000,F,motor,0.0206718,0.000142715
0.3167,F,motor,0.0206778,0.000148692
0.3333,F,motor,0.0206847,0.000155604
0.3500,F,motor,0.0206925,0.000163419
0.3667,F,motor,0.0207013,0.000172141
0.3833,F,motor,0.0207109,0.000181809
0.4000,F,motor,0.0207216,0.0001925
0.4167,F,motor,0.0207335,0.000204329
0.4333,F,motor,0.0207466,0.000217448
0.4500,F,motor,0.0207612,0.000232057
0.4667,F,motor,0.0207775,0.000248394
0.4833,F,motor,0.0207959,0.000266724
0.5000,F,motor,0.0208165,0.000287347
0.5167,F,motor,0.0208398,0.000310652
0.5333,F,motor,0.0208663,0.000337183
0.5500,F,motor,0.0208968,0.000367649
0.5667,F,motor,0.0209321,0.000402946
0.5833,F,motor,0.0209733,0.000444175
0.6000,F,motor,0.0210218,0.000492691
0.6167,F,motor,0.0210795,0.000550366
0.6333,F,motor,0.021149,0.000619907
0.6500,F,motor,0.0212344,0.000705229
0.6667,F,motor,0.0213412,0.000812072
0.6833,F,motor,0.021478,0.000948878
0.7000,F,motor,0.0216576,0.00112848
0.7167,F,motor,0.0219003,0.00137117
0.7333,F,motor,0.0222399,0.00171073
0.7500,F,motor,0.0227306,0.00220148
0.7667,F,motor,0.0234036,0.0028745
0.7833,F,motor,0.0241707,0.0036416
0.8000,F,motor,0.024833,0.00430389
0.8167,F,motor,0.0248439,0.00431473
0.8333,F,motor,0.0241408,0.00361164
0.8500,F,motor,0.0231305,0.00260141
0.8667,F,motor,0.0221821,0.00165293
0.8833,F,motor,0.0214714,0.000942261
0.9000,F,motor,0.0210141,0.000485003
0.9167,F,motor,0.0207567,0.000227563
0.9333,F,motor,0.0206312,0.000102106
0.9500,F,motor,0.0205805,5.14158e-05
0.9667,F,motor,0.0205664,3.72819e-05
0.9833,F,motor,0.0205669,3.77387e-05
1.0000,F,motor,0.0205709,4.18115e-05
1.0167,F,motor,0.0205741,4.49416e-05
1.0333,F,motor,0.020575,4.584e-05
1.0500,F,motor,0.0205738,4.46489e-05
1.0667,F,motor,0.0205711,4.19709e-05
1.0833,F,motor,0.0205676,3.84311e-05
1.1000,F,motor,0.0205637,3.45231e-05
1.1167,F,motor,0.0205597,3.05859e-05
1.1333,F,motor,0.020556,2.68279e-05
1.1500,F,motor,0.0205525,2.33625e-05
1.1667,F,motor,0.0205494,2.02397e-05
1.1833,F,motor,0.0205466,1.74693e-05
0.0000,R,motor,0.0205291,0
0.0167,R,motor,0.0205291,1.11753e-09
0.0333,R,motor,0.0205291,2.07353e-09
0.0500,R,motor,0.0205291,2.89135e-09
0.0667,R,motor,0.0205291,3.59096e-09
0.0833,R,motor,0.0205291,4.18945e-09
0.1000,R,motor,0.0205297,5.34451e-07
0.1167,R,motor,0.0205359,6.79497e-06
0.1333,R,motor,0.0205488,1.96317e-05
0.1500,R,motor,0.0205627,3.35847e-05
0.1667,R,motor,0.0205734,4.42915e-05
0.1833,R,motor,0.0205798,5.06548e-05
0.2000,R,motor,0.0205828,5.36558e-05
0.2167,R,motor,0.020584,5.48225e-05
0.2333,R,motor,0.0205845,5.54017e-05
0.2500,R,motor,0.0205853,5.61494e-05
0.2667,R,motor,0.0205865,5.74068e-05
0.2833,R,motor,0.0205884,5.92591e-05
0.3000,R,motor,0.0205908,6.16723e-05
0.3167,R,motor,0.0205937,6.45818e-05
0.3333,R,motor,0.0205971,6.79338e-05
0.3500,R,motor,0.0206008,7.16981e-05
0.3667,R,motor,0.020605,7.58693e-05
0.3833,R,motor,0.0206096,8.0466e-05
0.4000,R,motor,0.0206147,8.55329e-05
0.4167,R,motor,0.0206203,9.11342e-05
0.4333,R,motor,0.0206265,9.73478e-05
0.4500,R,motor,0.0206334,0.000104272
0.4667,R,motor,0.0206412,0.000112027
0.4833,R,motor,0.0206499,0.000120758
0.5000,R,motor,0.0206598,0.000130646
0.5167,R,motor,0.020671,0.000141911
0.5333,R,motor,0.020684,0.000154823
0.5500,R,motor,0.0206988,0.00016972
0.5667,R,motor,0.0207162,0.000187029
0.5833,R,motor,0.0207364,0.00020731
0.6000,R,motor,0.0207604,0.00023127
0.6167,R,motor,0.0207889,0.000259793
0.6333,R,motor,0.0208233,0.000294213
0.6500,R,motor,0.0208656,0.000336485
0.6667,R,motor,0.0209186,0.000389451
0.6833,R,motor,0.0209863,0.00045718
0.7000,R,motor,0.0210745,0.000545398
0.7167,R,motor,0.0211928,0.000663687
0.7333,R,motor,0.0213578,0.00082863
0.7500,R,motor,0.0215953,0.00106621
0.7667,R,motor,0.0219198,0.00139065
0.7833,R,motor,0.0222825,0.00175333
0.8000,R,motor,0.022581,0.00205184
0.8167,R,motor,0.0225487,0.00201957
0.8333,R,motor,0.0221733,0.00164412
0.8500,R,motor,0.0216728,0.00114368
0.8667,R,motor,0.0212287,0.000699537
0.8833,R,motor,0.0209104,0.000381224
0.9000,R,motor,0.0207167,0.00018758
0.9167,R,motor,0.0206152,8.60389e-05
0.9333,R,motor,0.0205703,4.11701e-05
0.9500,R,motor,0.0205554,2.62337e-05
0.9667,R,motor,0.0205536,2.44576e-05
0.9833,R,motor,0.0205559,2.67813e-05
1.0000,R,motor,0.0205582,2.90869e-05
1.0167,R,motor,0.0205591,3.00047e-05
1.0333,R,motor,0.0205586,2.94538e-05
1.0500,R,motor,0.0205569,2.78125e-05
1.0667,R,motor,0.0205547,2.55243e-05
1.0833,R,motor,0.0205521,2.295e-05
1.1000,R,motor,0.0205495,2.03376e-05
1.1167,R,motor,0.020547,1.78383e-05
1.1333,R,motor,0.0205447,1.55327e-05
1.1500,R,motor,0.0205426,1.34556e-05
1.1667,R,motor,0.0205407,1.16138e-05
1.1833,R,motor,0.0205391,9.99818e-06
